Дата и время;Участник;Уровень;Событие;Баг;Серьёзность;Баллы;Время от старта;Секунд от старта;Счёт;Сессия
2026-10-06 10:28:55;Без имени (????);2;Баг пойман;Можно выбрать шесть добавок;Незначительный;20;16:22;982;20;sjnyv72q
2026-10-06 10:29:39;Без имени (????);2;Ложная тревога;;;-5;17:06;1026;15;sjnyv72q
2026-10-06 10:29:41;Без имени (????);2;Ложная тревога;;;-5;17:08;1028;10;sjnyv72q
2026-10-06 10:29:42;Без имени (????);2;Баг пойман;Можно списать больше бонусов, чем есть;Критический;50;17:09;1029;60;sjnyv72q
2026-10-06 10:29:52;Без имени (????);2;Ложная тревога;;;-5;17:19;1039;55;sjnyv72q
2026-10-06 10:29:54;Без имени (????);2;Баг пойман;Скинуться на ноль человек;Незначительный;20;17:21;1041;75;sjnyv72q
2026-10-06 10:29:55;Без имени (????);2;Баг пойман;При делении теряются рубли;Серьёзный;30;17:22;1042;105;sjnyv72q
2026-10-06 10:30:05;Без имени (????);2;Ложная тревога;;;-5;17:32;1052;100;sjnyv72q
2026-10-06 10:30:08;Без имени (????);2;Ложная тревога;;;-5;17:35;1055;95;sjnyv72q
